City_ID,City,Latitude,Longitude,Max Temp (C),Humidity (g per kg),Cloudiness (%),Wind Speed (m per s),Country,Date
0,Barcelos,41.5388,-8.6151,18.160000000000025,80,0,3.35,PT,2023-07-25 17:28:18
1,Hermanus,-34.4187,19.2345,7.670000000000016,68,0,2.38,ZA,2023-07-25 17:24:13
2,Adamstown,-25.066,-130.1015,22.54000000000002,91,100,17.51,PN,2023-07-25 17:28:19
3,Tamanrasset,22.785,5.5228,30.950000000000045,11,0,2.06,DZ,2023-07-25 17:28:19
4,Dudinka,69.4058,86.1778,14.79000000000002,62,0,4.96,RU,2023-07-25 17:28:19
5,Nemuro,43.3236,145.575,16.410000000000025,100,94,1.26,JP,2023-07-25 17:28:20
6,Margaret River,-33.95,115.0667,11.939999999999998,84,100,7.76,AU,2023-07-25 17:24:15
7,Port-Aux-Francais,-49.35,70.2167,3.430000000000007,80,100,8.18,TF,2023-07-25 17:28:20
8,Yellowknife,62.456,-114.3525,25.310000000000002,25,75,10.28,CA,2023-07-25 17:28:21
9,Puerto Ayora,-0.7393,-90.3518,26.420000000000016,90,42,3.13,EC,2023-07-25 17:24:13
10,Albany,42.6001,-73.9662,26.610000000000014,49,100,1.93,US,2023-07-25 17:27:58
11,Urangan,-25.3,152.9,18.660000000000025,64,75,6.36,AU,2023-07-25 17:28:21
12,San Antonio De Pale,-1.4014,5.6325,22.82000000000005,89,34,4.23,GQ,2023-07-25 17:28:22
13,Edinburgh Of The Seven Seas,-37.0676,-12.3116,11.600000000000023,65,100,8.62,SH,2023-07-25 17:25:21
14,Tiksi,71.6872,128.8694,5.480000000000018,74,54,1.35,RU,2023-07-25 17:28:22
15,Vilyuchinsk,52.9306,158.4028,16.150000000000034,76,40,1.15,RU,2023-07-25 17:28:23
16,Longyearbyen,78.2186,15.6401,10.910000000000025,71,40,1.54,SJ,2023-07-25 17:28:23
17,Dzhambeyty,50.2536,52.595,21.80000000000001,67,99,1.16,KZ,2023-07-25 17:28:23
18,Aasiaat,68.7098,-52.8699,3.840000000000032,91,90,2.63,GL,2023-07-25 17:24:11
19,Lihue,21.9789,-159.3672,29.77000000000004,68,20,6.17,US,2023-07-25 17:28:24
20,Nizao,18.25,-70.2,28.04000000000002,59,100,6.69,DO,2023-07-25 17:28:24
21,Santa Rosa,14.3122,121.1114,28.340000000000032,90,100,9.88,PH,2023-07-25 17:26:52
22,Talnakh,69.4865,88.3972,14.560000000000002,73,0,0.9,RU,2023-07-25 17:28:25
23,Fairmont,39.4851,-80.1426,29.939999999999998,63,35,0.45,US,2023-07-25 17:26:19
24,Petropavlovsk-Kamchatsky,53.0452,158.6483,15.330000000000041,94,0,2.0,RU,2023-07-25 17:28:26
25,Isafjordur,66.0755,-23.124,8.020000000000039,78,93,3.87,IS,2023-07-25 17:28:26
26,Waitangi,-43.9535,-176.5597,9.340000000000032,98,100,0.45,NZ,2023-07-25 17:28:26
27,Sal Rei,16.1833,-22.9167,24.960000000000036,84,95,5.56,CV,2023-07-25 17:28:26
28,Kaspiyskiy,45.3929,47.3707,24.53000000000003,67,0,0.55,RU,2023-07-25 17:28:28
29,Burang,30.25,81.1667,11.350000000000023,85,100,2.14,CN,2023-07-25 17:28:28
30,Pasvalys,56.0594,24.4036,13.920000000000016,90,41,3.35,LT,2023-07-25 17:28:29
31,Atar,20.5169,-13.0499,38.98000000000002,17,33,4.2,MR,2023-07-25 17:28:29
32,Invercargill,-46.4,168.35,5.410000000000025,84,70,3.72,NZ,2023-07-25 17:28:30
33,Hawaiian Paradise Park,19.5933,-154.9731,27.720000000000027,84,100,5.14,US,2023-07-25 17:28:16
34,Serenje,-13.2325,30.2352,13.600000000000023,41,12,3.37,ZM,2023-07-25 17:28:31
35,Bonny,4.4522,7.1681,25.680000000000007,87,81,3.62,NG,2023-07-25 17:28:31
36,Zhanaozen,43.3,52.8,24.730000000000018,64,100,7.36,KZ,2023-07-25 17:28:32
37,Port Blair,11.6667,92.75,26.02000000000004,94,75,0.0,IN,2023-07-25 17:28:28
38,Brisas De Zicatela,15.8369,-97.0419,32.29000000000002,58,40,3.6,MX,2023-07-25 17:28:32
39,Conde,-7.2597,-34.9075,24.700000000000045,78,0,3.6,BR,2023-07-25 17:28:33
40,Puerto Natales,-51.7236,-72.4875,-1.4399999999999977,85,12,2.69,CL,2023-07-25 17:24:57
41,Luderitz,-26.6481,15.1594,12.460000000000036,90,63,3.32,NA,2023-07-25 17:28:33
42,Minas De Marcona,-15.2119,-75.1103,15.700000000000045,68,14,6.34,PE,2023-07-25 17:24:43
43,Tejen,37.3834,60.5054,33.02000000000004,10,0,3.15,TM,2023-07-25 17:28:34
44,Kapoeta,4.7717,33.5903,24.77000000000004,68,53,2.72,SS,2023-07-25 17:28:35
45,Egilsstadir,65.2653,-14.3948,6.9500000000000455,81,75,4.63,IS,2023-07-25 17:28:35
46,Bilibino,68.0546,166.4372,10.990000000000009,94,100,0.83,RU,2023-07-25 17:28:35
47,West Island,-12.1568,96.8225,24.99000000000001,69,75,9.26,CC,2023-07-25 17:28:36
48,Nykarleby,63.5228,22.5307,14.950000000000045,90,51,2.2,FI,2023-07-25 17:28:37
49,Tura,25.5198,90.2201,23.79000000000002,97,94,2.45,IN,2023-07-25 17:28:37
50,Bartica,6.4,-58.6167,26.180000000000007,94,59,1.86,GY,2023-07-25 17:28:37
51,St. John'S,47.5649,-52.7093,23.660000000000025,68,75,4.12,CA,2023-07-25 17:24:09
52,Sitka,57.0531,-135.33,16.939999999999998,72,75,3.6,US,2023-07-25 17:28:38
53,Chernyshevsk,52.5243,117.0174,16.670000000000016,74,78,1.27,RU,2023-07-25 17:28:38
54,Guichon,-32.35,-57.2,11.980000000000018,94,100,4.3,UY,2023-07-25 17:28:38
55,Ierapetra,35.01,25.7353,29.170000000000016,48,0,2.89,GR,2023-07-25 17:28:39
56,Veraval,20.9,70.3667,27.060000000000002,87,98,7.48,IN,2023-07-25 17:28:39
57,Iqaluit,63.7506,-68.5145,6.850000000000023,81,100,2.57,CA,2023-07-25 17:28:39
58,San Patricio,28.017,-97.5169,37.400000000000034,38,18,7.83,US,2023-07-25 17:28:39
59,Ushuaia,-54.8,-68.3,0.8100000000000023,60,20,3.6,AR,2023-07-25 17:28:39
60,Vorgashor,67.5833,63.95,15.680000000000007,84,100,2.88,RU,2023-07-25 17:28:40
61,Mhasvad,17.6333,74.7833,22.54000000000002,90,100,6.11,IN,2023-07-25 17:28:40
62,Grytviken,-54.2811,-36.5092,-3.409999999999968,80,72,4.7,GS,2023-07-25 17:28:41
63,Kangding,30.0513,101.9603,14.840000000000032,97,100,0.78,CN,2023-07-25 17:28:41
64,Punta Arenas,-53.15,-70.9167,0.36000000000001364,77,78,4.29,CL,2023-07-25 17:26:08
65,Nadym,65.5333,72.5167,18.78000000000003,79,99,5.2,RU,2023-07-25 17:28:41
66,Bethel,41.3712,-73.414,27.200000000000045,88,100,2.06,US,2023-07-25 17:26:48
67,Watford City,47.8022,-103.2832,35.920000000000016,23,0,5.14,US,2023-07-25 17:28:42
68,Avarua,-21.2078,-159.775,24.03000000000003,57,75,2.57,CK,2023-07-25 17:28:42
69,Fort Bragg,35.139,-79.006,34.69,48,40,1.54,US,2023-07-25 17:28:42
70,Isna,25.2934,32.554,35.84000000000003,13,41,5.16,EG,2023-07-25 17:28:42
71,Butte,39.6499,-121.5677,35.72000000000003,24,0,2.06,US,2023-07-25 17:28:43
72,Olonkinbyen,70.9221,-8.7187,5.390000000000043,86,100,3.9,SJ,2023-07-25 17:28:15
73,Sao Gabriel Da Cachoeira,-0.1303,-67.0892,27.730000000000018,82,32,1.22,BR,2023-07-25 17:28:32
74,Antofagasta,-23.65,-70.4,17.600000000000023,79,43,2.64,CL,2023-07-25 17:28:43
75,Williams Lake,52.1415,-122.1445,16.760000000000048,51,75,5.66,CA,2023-07-25 17:28:10
76,Mount Gambier,-37.8333,140.7667,5.390000000000043,96,100,2.43,AU,2023-07-25 17:28:44
77,Storozhynets,48.1643,25.7203,21.04000000000002,55,100,4.5,UA,2023-07-25 17:28:44
78,Okhotsk,59.3833,143.3,14.760000000000048,86,100,3.07,RU,2023-07-25 17:28:26
79,Stanley,54.868,-1.6985,13.490000000000009,87,93,3.59,GB,2023-07-25 17:28:44
80,Ambon,-3.6954,128.1814,27.910000000000025,100,40,2.57,ID,2023-07-25 17:28:44
81,Angaur State,6.906,134.13,26.640000000000043,79,100,2.99,PW,2023-07-25 17:24:23
82,Fale Old Settlement,-9.3852,-171.2468,28.620000000000005,76,12,9.2,TK,2023-07-25 17:28:45
83,Papatowai,-46.5619,169.4708,5.240000000000009,80,60,5.19,NZ,2023-07-25 17:28:45
84,Porbandar,21.6422,69.6093,27.420000000000016,86,51,7.33,IN,2023-07-25 17:28:45
85,Colonia,50.9333,6.95,15.460000000000036,76,40,0.51,DE,2023-07-25 17:24:41
86,Marka,1.7159,44.7717,24.74000000000001,82,62,8.11,SO,2023-07-25 17:28:45
87,College,64.8569,-147.8028,26.930000000000007,65,75,4.63,US,2023-07-25 17:28:46
88,Lagdo,9.05,13.7333,24.340000000000032,85,100,1.96,CM,2023-07-25 17:28:46
89,Port Moresby,-9.4431,147.1797,18.680000000000007,100,20,1.54,PG,2023-07-25 17:28:46
90,Pisco,-13.7,-76.2167,22.03000000000003,68,0,8.75,PE,2023-07-25 17:28:46
91,Vila Franca Do Campo,37.7167,-25.4333,22.230000000000018,78,40,1.07,PT,2023-07-25 17:28:46
92,Poxoreo,-15.8372,-54.3892,29.650000000000034,26,0,1.8,BR,2023-07-25 17:28:47
93,Brynmawr,51.8,-3.1833,11.939999999999998,89,2,1.79,GB,2023-07-25 17:28:47
94,Peace River,56.2501,-117.286,16.170000000000016,88,100,7.2,CA,2023-07-25 17:28:47
95,Rongelap,11.1635,166.8941,28.660000000000025,75,100,7.75,MH,2023-07-25 17:28:47
96,Saint-Pierre,-21.3393,55.4781,20.82000000000005,73,0,3.6,RE,2023-07-25 17:28:48
97,Whitehorse,60.7161,-135.0538,20.430000000000007,52,75,1.54,CA,2023-07-25 17:28:48
98,Fortuna,40.5982,-124.1573,22.74000000000001,76,100,4.12,US,2023-07-25 17:28:48
99,Newman,37.3138,-121.0208,36.19,9,1,1.29,US,2023-07-25 17:28:48
100,Constantia,44.1833,28.65,25.390000000000043,69,66,10.12,RO,2023-07-25 17:28:48
101,Collier Row,51.5989,0.166,17.150000000000034,62,75,4.12,GB,2023-07-25 17:28:49
102,Tralee,52.2704,-9.7026,13.370000000000005,91,8,1.62,IE,2023-07-25 17:28:49
103,Bredasdorp,-34.5322,20.0403,7.350000000000023,75,0,0.92,ZA,2023-07-25 17:28:25
104,Aras-Asan,8.8908,126.3033,25.75,82,100,3.86,PH,2023-07-25 17:28:49
105,Ust-Nera,64.5667,143.2,15.370000000000005,74,92,1.89,RU,2023-07-25 17:28:50
106,Mugia,43.1041,-9.2179,18.28000000000003,76,87,5.08,ES,2023-07-25 17:28:50
107,Port Alfred,-33.5906,26.891,15.200000000000045,62,100,4.46,ZA,2023-07-25 17:28:38
108,Hamilton,39.1834,-84.5333,32.629999999999995,53,0,2.06,US,2023-07-25 17:28:51
109,Tangalle,6.024,80.7911,26.090000000000032,89,100,4.25,LK,2023-07-25 17:28:52
110,Makueni Boma,-1.8041,37.6203,16.439999999999998,76,71,1.73,KE,2023-07-25 17:28:52
111,Krasnyy Kholm,58.0607,37.1203,14.410000000000025,93,100,3.39,RU,2023-07-25 17:28:53
112,Yelizovo,53.1873,158.3805,16.08000000000004,93,0,2.0,RU,2023-07-25 17:28:53
113,Timbuktu,16.7735,-3.0074,31.54000000000002,44,78,2.27,ML,2023-07-25 17:28:53
114,Blackmans Bay,-43.0167,147.3167,12.050000000000011,73,100,5.64,AU,2023-07-25 17:28:54
115,Gandi,12.9636,5.7434,31.310000000000002,53,47,3.22,NG,2023-07-25 17:28:54
116,Puttalam,8.0362,79.8283,26.57000000000005,81,100,8.27,LK,2023-07-25 17:28:55
117,San Pedro,14.35,121.0167,27.920000000000016,91,100,6.17,PH,2023-07-25 17:25:48
118,Soc Trang,9.6033,105.98,24.840000000000032,92,88,2.97,VN,2023-07-25 17:28:55
119,Verkhnevilyuysk,63.4453,120.3167,14.270000000000039,67,34,1.94,RU,2023-07-25 17:28:55
120,La Passe,45.5549,-0.8967,17.77000000000004,75,84,4.47,FR,2023-07-25 17:28:56
121,Qaqortoq,60.7167,-46.0333,6.57000000000005,88,83,2.2,GL,2023-07-25 17:28:56
122,Ilulissat,69.2167,-51.1,4.010000000000048,93,100,2.57,GL,2023-07-25 17:28:02
123,Manokwari,-0.8667,134.0833,25.660000000000025,82,83,1.31,ID,2023-07-25 17:28:57
124,Griffith,41.5284,-87.4237,32.920000000000016,50,0,5.66,US,2023-07-25 17:28:57
125,Susanville,40.4163,-120.653,34.34000000000003,11,0,6.69,US,2023-07-25 17:28:57
126,Choibalsan,48.0667,114.5,17.390000000000043,64,79,1.58,MN,2023-07-25 17:24:12
127,Inhambane,-23.865,35.3833,17.420000000000016,70,6,2.79,MZ,2023-07-25 17:28:57
128,Hirara,24.8,125.2833,28.150000000000034,89,75,6.69,JP,2023-07-25 17:28:58
129,Utrik,11.2278,169.8474,28.430000000000007,78,85,7.46,MH,2023-07-25 17:28:58
130,Aginskoye,51.1,114.53,14.550000000000011,84,40,1.33,RU,2023-07-25 17:28:58
131,Tagbina,8.4519,126.1714,24.720000000000027,83,100,1.58,PH,2023-07-25 17:28:58
132,Dauphin,51.1494,-100.0502,27.08000000000004,78,0,3.09,CA,2023-07-25 17:25:55
133,Shannon,52.7039,-8.8642,16.0,82,75,2.06,IE,2023-07-25 17:28:59
134,Port Elizabeth,-33.918,25.5701,10.160000000000025,76,0,2.06,ZA,2023-07-25 17:28:59
135,San Andres,12.5847,-81.7006,31.010000000000048,70,20,6.17,CO,2023-07-25 17:28:59
136,Moranbah,-22.0016,148.0466,12.0,85,1,8.34,AU,2023-07-25 17:28:59
137,Altai,46.3722,96.2583,11.600000000000023,43,2,0.44,MN,2023-07-25 17:29:00
138,Diksmuide,51.0333,2.8667,15.670000000000016,70,75,3.09,BE,2023-07-25 17:29:00
139,Lagunas,-5.2269,-75.6753,33.58000000000004,41,27,0.59,PE,2023-07-25 17:29:00
140,Tofol,5.3248,163.0078,28.77000000000004,73,100,4.88,FM,2023-07-25 17:29:00
141,Bikenibeu Village,1.3673,173.1241,25.980000000000018,94,100,2.57,KI,2023-07-25 17:29:00
142,Port Mathurin,-19.6833,63.4167,23.379999999999995,77,11,7.41,MU,2023-07-25 17:24:22
143,Georgetown,5.4112,100.3354,26.960000000000036,95,20,0.0,MY,2023-07-25 17:26:52
144,Rajapur,25.3833,81.15,29.939999999999998,69,99,3.71,IN,2023-07-25 17:29:01
145,Acapulco De Juarez,16.8634,-99.8901,31.900000000000034,66,100,5.14,MX,2023-07-25 17:29:01
146,Jamestown,42.097,-79.2353,25.400000000000034,83,0,4.63,US,2023-07-25 17:29:02
147,Adrar,20.5022,-10.0711,39.32000000000005,15,83,2.6,MR,2023-07-25 17:29:02
148,Papao,-17.75,-149.55,28.82000000000005,83,7,7.43,PF,2023-07-25 17:29:02
149,Garoua Boulai,5.8833,14.55,18.75,95,100,0.83,CM,2023-07-25 17:29:03
150,Kavaratti,10.5669,72.642,28.090000000000032,74,97,7.08,IN,2023-07-25 17:29:05
151,Ta`U,-14.2336,-169.5144,25.470000000000027,70,26,4.38,AS,2023-07-25 17:29:05
152,Belmonte,-15.8631,-38.8828,22.610000000000014,87,82,3.47,BR,2023-07-25 17:28:32
153,Nuuk,64.1835,-51.7216,13.340000000000032,54,20,4.63,GL,2023-07-25 17:29:06
154,Badger,64.8,-147.5333,26.879999999999995,59,75,4.63,US,2023-07-25 17:28:31
155,Cheremkhovo,53.1561,103.0675,12.240000000000009,98,87,2.52,RU,2023-07-25 17:29:07
156,Loei,17.4167,101.5,18.32000000000005,95,38,1.8,TH,2023-07-25 17:29:07
157,Hadibu,12.65,54.0333,25.25,77,58,11.36,YE,2023-07-25 17:29:07
158,Manthani,18.65,79.6667,24.49000000000001,93,100,7.43,IN,2023-07-25 17:29:08
159,Bodaybo,57.8506,114.1933,17.03000000000003,87,6,1.14,RU,2023-07-25 17:29:08
160,Saipan,15.1355,145.701,28.140000000000043,100,75,4.12,MP,2023-07-25 17:29:08
161,El Calafate,-50.3408,-72.2768,-4.539999999999964,65,4,1.06,AR,2023-07-25 17:29:09
162,Garcia,25.8167,-100.5833,34.35000000000002,46,0,7.26,MX,2023-07-25 17:29:09
163,Bengkulu,-3.8004,102.2655,23.660000000000025,90,8,1.8,ID,2023-07-25 17:24:33
164,Mikashevichy,52.2173,27.476,18.49000000000001,93,100,3.57,BY,2023-07-25 17:29:09
165,Udachny,66.4167,112.4,17.670000000000016,61,100,2.45,RU,2023-07-25 17:29:10
166,Stephenville,32.2207,-98.2023,40.52000000000004,17,0,6.69,US,2023-07-25 17:29:10
167,Hammerfest,70.6634,23.6821,11.25,87,40,4.63,NO,2023-07-25 17:29:10
168,Kingston,17.997,-76.7936,32.53000000000003,67,20,10.29,JM,2023-07-25 17:28:16
169,Sattahip,12.6664,100.9007,28.05000000000001,78,20,2.57,TH,2023-07-25 17:29:11
170,Kachug,53.9606,105.8817,14.830000000000041,89,81,0.33,RU,2023-07-25 17:29:11
171,Tomohon,1.3346,124.8392,22.52000000000004,93,100,1.95,ID,2023-07-25 17:29:11
172,Chaihe,44.7667,129.7,19.430000000000007,93,82,1.19,CN,2023-07-25 17:29:12
173,Brookings,44.3114,-96.7984,33.43000000000001,60,20,6.17,US,2023-07-25 17:29:06
174,Mirnyy,62.5353,113.9611,17.910000000000025,77,66,1.79,RU,2023-07-25 17:29:12
175,Port Hedland,-20.3167,118.5667,14.03000000000003,67,40,4.12,AU,2023-07-25 17:29:12
176,Tolanaro,-25.0319,46.9987,20.04000000000002,68,40,5.14,MG,2023-07-25 17:29:12
177,Atafu Village,-8.5421,-172.5159,29.060000000000002,70,12,8.75,TK,2023-07-25 17:29:13
178,Geraldton,-28.7667,114.6,14.230000000000018,77,75,5.66,AU,2023-07-25 17:29:13
179,Nova Sintra,14.8667,-24.7167,22.310000000000002,85,21,5.09,CV,2023-07-25 17:29:13
180,Pangody,65.85,74.4859,19.200000000000045,73,98,5.8,RU,2023-07-25 17:29:13
181,Cabo San Lucas,22.8909,-109.9124,34.23000000000002,45,75,4.63,MX,2023-07-25 17:26:19
182,Chonchi,-42.6128,-73.8092,10.560000000000002,93,68,2.83,CL,2023-07-25 17:29:14
183,Cockburn Town,21.4612,-71.1419,28.980000000000018,77,24,7.75,TC,2023-07-25 17:29:14
184,Hakodate,41.7758,140.7367,25.170000000000016,88,75,1.54,JP,2023-07-25 17:29:14
185,San Luis De La Loma,17.2706,-100.8939,31.879999999999995,60,73,3.21,MX,2023-07-25 17:29:15
186,El Porvenir,13.7617,-87.3458,30.629999999999995,33,9,5.51,HN,2023-07-25 17:29:15
187,West Plains,36.7281,-91.8524,32.460000000000036,48,0,3.6,US,2023-07-25 17:29:17
188,Queenstown,-31.8976,26.8753,10.050000000000011,17,100,2.45,ZA,2023-07-25 17:28:33
189,Iskateley,67.6803,53.1512,14.82000000000005,77,23,3.48,RU,2023-07-25 17:29:18
190,Codrington,-38.2667,141.9667,6.0400000000000205,94,99,3.74,AU,2023-07-25 17:29:18
191,Morrope,-6.5417,-80.0111,25.060000000000002,61,52,8.06,PE,2023-07-25 17:29:18
192,Morozovsk,48.3539,41.8261,23.970000000000027,48,70,0.87,RU,2023-07-25 17:29:19
193,Brasilia,-15.7797,-47.9297,24.510000000000048,29,75,3.6,BR,2023-07-25 17:27:26
194,Puerto Baquerizo Moreno,-0.9,-89.6,27.55000000000001,74,20,5.14,EC,2023-07-25 17:29:20
195,Alice Springs,-23.7,133.8833,4.75,75,0,0.0,AU,2023-07-25 17:29:20
196,Road Town,18.4167,-64.6167,29.02000000000004,74,75,12.86,VG,2023-07-25 17:29:21
197,Howrah,22.5892,88.3103,28.0,89,40,2.06,IN,2023-07-25 17:29:21
198,Wajir,1.7471,40.0573,25.49000000000001,50,56,9.01,KE,2023-07-25 17:29:21
199,Ndibene Dahra,15.3338,-15.4766,30.99000000000001,53,98,3.24,SN,2023-07-25 17:29:21
200,Wailua Homesteads,22.0669,-159.378,29.439999999999998,75,20,6.17,US,2023-07-25 17:29:21
201,La Ronge,55.1001,-105.2842,23.140000000000043,43,100,6.17,CA,2023-07-25 17:29:22
202,Lerwick,60.1545,-1.1494,10.0,75,100,8.75,GB,2023-07-25 17:29:22
203,Carnarvon,-24.8667,113.6333,17.03000000000003,60,46,7.58,AU,2023-07-25 17:28:41
204,Fort St. John,56.2499,-120.8529,15.939999999999998,67,75,8.23,CA,2023-07-25 17:29:23
205,Velyka Oleksandrivka,47.3197,33.3037,22.430000000000007,67,8,6.05,UA,2023-07-25 17:29:23
206,Toungo,8.1167,12.05,22.900000000000034,91,100,2.32,NG,2023-07-25 17:29:23
207,Kideksha,56.4167,40.5167,16.390000000000043,89,99,2.31,RU,2023-07-25 17:29:23
208,Cantley,53.5,-1.05,14.970000000000027,37,27,3.95,GB,2023-07-25 17:29:24
209,Cambria,35.5641,-121.0808,40.31,47,5,5.33,US,2023-07-25 17:29:24
210,New Norfolk,-42.7826,147.0587,12.710000000000036,73,100,4.2,AU,2023-07-25 17:29:24
211,Tarrafal De Sao Nicolau,16.5667,-24.3667,24.75,82,100,4.63,CV,2023-07-25 17:29:24
212,Edson,53.5835,-116.4356,19.08000000000004,48,20,3.6,CA,2023-07-25 17:29:25
213,Labytnangi,66.6572,66.4183,16.33000000000004,91,100,3.69,RU,2023-07-25 17:29:25
214,Porto Murtinho,-21.6989,-57.8825,30.08000000000004,26,11,1.8,BR,2023-07-25 17:29:25
215,Ribeira Brava,32.65,-17.0667,23.890000000000043,85,63,1.5,PT,2023-07-25 17:29:26
216,Sayla,22.55,71.4667,26.410000000000025,88,100,5.76,IN,2023-07-25 17:29:26
217,Nasir,15.5894,32.5634,30.83000000000004,51,91,10.91,SD,2023-07-25 17:29:26
218,Arraial Do Cabo,-22.9661,-42.0278,21.980000000000018,88,0,7.2,BR,2023-07-25 17:29:26
219,Ilhabela,-23.7781,-45.3581,21.55000000000001,79,28,1.97,BR,2023-07-25 17:29:27
220,Mossel Bay,-34.1831,22.146,13.060000000000002,69,0,1.7,ZA,2023-07-25 17:29:27
221,Gazli,40.1333,63.45,34.56,16,0,6.21,UZ,2023-07-25 17:29:27
222,Al Bardiyah,31.7561,25.0865,27.33000000000004,78,0,5.78,LY,2023-07-25 17:29:28
223,Acarau,-2.8856,-40.12,26.180000000000007,75,7,7.57,BR,2023-07-25 17:28:41
224,Thompson,55.7435,-97.8558,23.090000000000032,40,40,3.09,CA,2023-07-25 17:29:28
225,Nar'Yan-Mar,67.6713,53.087,14.800000000000011,78,18,3.41,RU,2023-07-25 17:28:49
226,Camana,-16.6228,-72.7111,18.78000000000003,76,34,3.82,PE,2023-07-25 17:29:28
227,Kapa'A,22.0752,-159.319,30.180000000000007,75,20,6.17,US,2023-07-25 17:26:34
228,Uturoa,-16.7333,-151.4333,26.80000000000001,80,6,6.15,PF,2023-07-25 17:29:29
229,Nambucca,-30.6333,152.9833,13.810000000000002,84,41,3.41,AU,2023-07-25 17:29:29
230,Markaz-E Hukumat-E Darweshan,31.1323,64.1934,32.379999999999995,37,54,2.9,AF,2023-07-25 17:29:29
231,Morristown,36.214,-83.2949,34.28000000000003,33,30,3.29,US,2023-07-25 17:29:30
232,Praia Da Vitoria,38.7333,-27.0667,23.140000000000043,83,40,3.89,PT,2023-07-25 17:29:30
233,Kazan,55.7887,49.1221,16.340000000000032,96,10,2.81,RU,2023-07-25 17:26:08
234,Charters Towers,-20.1,146.2667,16.57000000000005,82,100,6.4,AU,2023-07-25 17:29:30
235,Sovetskiy,61.3614,63.5842,14.020000000000039,94,99,1.81,RU,2023-07-25 17:25:22
236,Antsiranana,-12.2787,49.2917,22.100000000000023,81,94,5.43,MG,2023-07-25 17:29:31
237,Grand Rapids,42.9634,-85.6681,30.610000000000014,55,75,4.63,US,2023-07-25 17:27:35
238,Hithadhoo,-0.6,73.0833,27.99000000000001,78,97,6.7,MV,2023-07-25 17:29:31
239,Thinadhoo,0.5333,72.9333,28.090000000000032,79,100,6.29,MV,2023-07-25 17:29:31
240,Guiuan,11.0333,125.7247,28.82000000000005,75,100,10.1,PH,2023-07-25 17:29:32
241,Lorengau,-2.0226,147.2712,26.400000000000034,85,100,7.22,PG,2023-07-25 17:29:32
242,Kruisfontein,-34.0033,24.7314,10.939999999999998,42,0,2.72,ZA,2023-07-25 17:29:32
243,Curvelo,-18.7564,-44.4308,23.379999999999995,33,10,2.24,BR,2023-07-25 17:27:48
244,Anadyr,64.75,177.4833,12.28000000000003,87,75,4.0,RU,2023-07-25 17:29:33
245,Ha'Il,27.5219,41.6907,34.01000000000005,15,0,2.06,SA,2023-07-25 17:27:16
246,Weno,7.4515,151.8468,25.970000000000027,94,100,2.06,FM,2023-07-25 17:29:33
247,Susuman,62.7833,148.1667,14.57000000000005,80,100,1.66,RU,2023-07-25 17:29:33
248,Boende,-0.2167,20.8667,22.890000000000043,91,99,1.14,CD,2023-07-25 17:29:34
249,Cabinda,-5.55,12.2,21.439999999999998,85,0,2.98,AO,2023-07-25 17:29:34
250,Huron,41.1501,-82.5499,30.100000000000023,59,0,2.24,US,2023-07-25 17:29:34
251,Taoudenni,22.6783,-3.9836,42.02000000000004,12,66,4.43,ML,2023-07-25 17:29:34
252,Vadso,70.0744,29.7487,10.090000000000032,87,75,3.6,NO,2023-07-25 17:29:35
253,Machico,32.7,-16.7667,23.890000000000043,86,75,2.57,PT,2023-07-25 17:29:35
254,Chandler,33.3062,-111.8412,47.26000000000005,17,0,5.14,US,2023-07-25 17:28:21
255,Slave Lake,55.2834,-114.769,14.990000000000009,72,100,10.8,CA,2023-07-25 17:29:35
256,Oriximina,-1.7656,-55.8661,32.25,39,43,2.12,BR,2023-07-25 17:29:35
257,Kristinestad,62.2743,21.376,10.610000000000014,84,100,3.17,FI,2023-07-25 17:29:36
258,Kuusamo,65.9667,29.1833,11.180000000000007,96,100,2.47,FI,2023-07-25 17:29:36
259,Mili,6.0815,171.735,28.150000000000034,75,100,2.53,MH,2023-07-25 17:29:36
260,Punta Del Este,-34.9667,-54.95,14.060000000000002,90,75,4.63,UY,2023-07-25 17:29:36
261,Longmen,24.9597,118.0889,29.340000000000032,77,85,2.83,CN,2023-07-25 17:29:37
262,Ponca City,36.707,-97.0856,40.01000000000005,20,0,3.6,US,2023-07-25 17:29:37
263,Myaydo,19.3667,95.2167,24.57000000000005,92,65,2.64,MM,2023-07-25 17:29:37
264,Ayapel,8.3137,-75.1398,31.960000000000036,70,84,3.53,CO,2023-07-25 17:29:37
265,Ribeira Grande,38.5167,-28.7,23.220000000000027,73,20,3.13,PT,2023-07-25 17:29:37
266,Lompoc,34.6391,-120.4579,30.470000000000027,53,20,4.12,US,2023-07-25 17:28:48
267,Whakatane,-37.9585,176.9854,10.28000000000003,81,91,3.58,NZ,2023-07-25 17:29:38
268,El Granada,37.5027,-122.4694,34.68000000000001,60,20,8.23,US,2023-07-25 17:29:34
269,Kodiak,57.79,-152.4072,15.730000000000018,72,0,3.09,US,2023-07-25 17:29:34
270,Dzilam Gonzalez,21.2833,-88.9333,33.60000000000002,51,45,6.72,MX,2023-07-25 17:29:38
271,Afaahiti,-17.75,-149.2833,27.930000000000007,81,0,6.81,PF,2023-07-25 17:29:38
272,Labrador City,52.9463,-66.9114,15.950000000000045,94,100,1.03,CA,2023-07-25 17:29:40
273,Khandud,36.9513,72.318,19.02000000000004,44,37,2.49,AF,2023-07-25 17:29:40
274,Kerikeri,-35.2268,173.9474,11.060000000000002,87,6,2.24,NZ,2023-07-25 17:29:41
275,Altay,47.8667,88.1167,21.560000000000002,32,64,2.85,CN,2023-07-25 17:29:41
276,Sabang,5.8933,95.3214,28.260000000000048,77,94,9.03,ID,2023-07-25 17:29:41
277,Cabrero,-37.0333,-72.4,10.970000000000027,81,85,2.08,CL,2023-07-25 17:29:42
278,Sao Tome,0.3365,6.7273,25.02000000000004,83,75,2.57,ST,2023-07-25 17:29:42
279,Zabol,32.25,67.25,24.810000000000002,48,100,0.79,AF,2023-07-25 17:28:30
280,Puerto Deseado,-47.7503,-65.8938,2.2100000000000364,97,100,9.84,AR,2023-07-25 17:29:43
281,Tan-Tan,28.438,-11.1032,20.28000000000003,88,2,6.17,MA,2023-07-25 17:29:43
282,Aydarken,39.9443,71.3429,21.480000000000018,40,4,2.71,KG,2023-07-25 17:29:44
283,Noyabrsk,63.1994,75.4507,14.129999999999995,97,88,0.25,RU,2023-07-25 17:29:44
284,Carbonear,47.7332,-53.2148,23.970000000000027,84,63,1.64,CA,2023-07-25 17:29:44
285,Bolands,17.0657,-61.8747,28.939999999999998,74,40,4.63,AG,2023-07-25 17:29:45
286,Paso De Los Toros,-32.8167,-56.5167,11.879999999999995,95,100,5.37,UY,2023-07-25 17:29:45
287,Eyl,7.9803,49.8164,24.74000000000001,78,27,12.76,SO,2023-07-25 17:29:45
288,Sao Joao Da Barra,-21.6403,-41.0511,23.05000000000001,86,16,6.58,BR,2023-07-25 17:29:45
289,Leava,-14.3,-178.1667,26.150000000000034,77,100,7.03,WF,2023-07-25 17:29:46
290,Nema,57.5067,50.5011,13.189999999999998,98,22,1.7,RU,2023-07-25 17:29:46
291,Kotabumi,-4.8333,104.9,23.370000000000005,93,95,2.02,ID,2023-07-25 17:29:46
292,Haiku-Pauwela,20.9219,-156.3051,28.980000000000018,65,20,10.29,US,2023-07-25 17:29:46
293,Mata De Sao Joao,-12.5303,-38.2992,25.860000000000014,92,18,1.77,BR,2023-07-25 17:29:46
294,Yarmouth,41.7057,-70.2286,28.970000000000027,72,0,5.66,US,2023-07-25 17:29:46
295,Anapa,44.8908,37.3239,17.189999999999998,82,0,3.0,RU,2023-07-25 17:29:47
296,Chernyshevskiy,63.0128,112.4714,15.710000000000036,97,62,1.12,RU,2023-07-25 17:29:47
297,Lagunillas,10.1301,-71.2595,32.25,59,39,2.75,VE,2023-07-25 17:29:47
298,Cabugao,17.7931,120.4578,27.720000000000027,97,100,19.2,PH,2023-07-25 17:29:47
299,Semenov,56.7875,44.493,14.610000000000014,96,100,1.45,RU,2023-07-25 17:29:47
300,Misratah,32.3754,15.0925,32.860000000000014,42,0,4.25,LY,2023-07-25 17:29:48
301,Al Ghayzah,16.2079,52.176,25.32000000000005,88,100,5.4,YE,2023-07-25 17:29:48
302,Korla,41.7597,86.1469,29.470000000000027,29,85,0.38,CN,2023-07-25 17:29:48
303,Taulaga,-11.0553,-171.0883,28.33000000000004,67,49,7.92,AS,2023-07-25 17:29:48
304,Zuni Pueblo,35.0725,-108.8506,36.35000000000002,13,29,6.98,US,2023-07-25 17:29:48
305,Tazovsky,67.4667,78.7,12.310000000000002,78,34,4.62,RU,2023-07-25 17:29:48
306,Gwadar,25.1216,62.3254,28.55000000000001,85,94,4.66,PK,2023-07-25 17:29:49
307,Maple Ridge,49.2194,-122.6019,19.060000000000002,75,92,3.09,CA,2023-07-25 17:25:00
308,Guatrache,-37.6678,-63.5302,10.170000000000016,62,100,3.13,AR,2023-07-25 17:29:49
309,Palmer,42.1584,-72.3287,26.75,100,100,0.0,US,2023-07-25 17:26:17
310,Borogontsy,62.6683,131.1683,14.240000000000009,70,59,2.24,RU,2023-07-25 17:29:49
311,Tarawa,1.419,172.984,26.05000000000001,94,100,2.57,KI,2023-07-25 17:29:50
312,Mount Pleasant,32.7941,-79.8626,32.77000000000004,68,0,4.63,US,2023-07-25 17:29:20
313,Margate,51.3813,1.3862,17.05000000000001,71,72,0.45,GB,2023-07-25 17:29:50
314,Rabigh,22.7986,39.0349,33.85000000000002,32,100,2.15,SA,2023-07-25 17:29:50
315,Jayapura,-2.5333,140.7,24.660000000000025,91,89,1.77,ID,2023-07-25 17:29:50
316,Talcahuano,-36.7167,-73.1167,11.450000000000045,77,100,2.88,CL,2023-07-25 17:29:50
317,Wenchang,30.904,118.4887,26.170000000000016,86,100,1.29,CN,2023-07-25 17:29:51
318,Lake City,30.1897,-82.6393,32.110000000000014,51,40,4.12,US,2023-07-25 17:27:42
319,Es Castell,39.8795,4.2854,24.379999999999995,69,75,3.6,ES,2023-07-25 17:29:51
320,Sisimiut,66.9395,-53.6735,7.7000000000000455,79,70,5.19,GL,2023-07-25 17:29:51
321,Meulaboh,4.1363,96.1285,24.79000000000002,92,98,1.57,ID,2023-07-25 17:29:51
322,Keflavik,64.0049,-22.5624,13.950000000000045,76,100,5.66,IS,2023-07-25 17:29:52
323,Zaozersk,69.4005,32.4476,9.5,98,100,1.97,RU,2023-07-25 17:29:52
324,Axim,4.8699,-2.2405,24.57000000000005,91,96,3.4,GH,2023-07-25 17:29:52
325,Enewetak,11.3474,162.3373,28.560000000000002,77,49,6.72,MH,2023-07-25 17:29:52
326,Kuanda,56.3161,116.0806,16.970000000000027,78,12,0.8,RU,2023-07-25 17:29:52
327,Holualoa,19.6228,-155.9522,27.650000000000034,82,40,3.6,US,2023-07-25 17:29:53
328,Homer,59.6425,-151.5483,18.360000000000014,78,0,4.63,US,2023-07-25 17:25:42
329,Viedma,-40.8135,-62.9967,9.53000000000003,69,100,6.56,AR,2023-07-25 17:29:53
330,Kayangel,8.0823,134.7173,25.610000000000014,88,100,5.38,PW,2023-07-25 17:29:53
331,Mejit,10.2753,170.8646,28.25,81,49,7.82,MH,2023-07-25 17:29:07
332,Hotan,37.0997,79.9269,28.129999999999995,31,6,2.09,CN,2023-07-25 17:29:53
333,Inawashiro,37.5667,140.1167,22.090000000000032,91,67,1.04,JP,2023-07-25 17:29:53
334,Bandarbeyla,9.4942,50.8122,23.670000000000016,83,9,15.59,SO,2023-07-25 17:25:22
335,Rio Grande,-32.035,-52.0986,16.060000000000002,90,100,6.95,BR,2023-07-25 17:29:54
336,Dobryanka,58.4619,56.4165,14.75,87,88,1.73,RU,2023-07-25 17:29:54
337,East London,-33.0153,27.9116,15.090000000000032,55,100,3.37,ZA,2023-07-25 17:29:54
338,Brokopondo,4.75,-55.1667,27.060000000000002,82,85,2.06,SR,2023-07-25 17:29:54
339,Greenville,35.6127,-77.3663,34.09000000000003,55,0,0.0,US,2023-07-25 17:28:36
340,Lhuentse,27.6679,91.1839,21.060000000000002,94,100,0.81,BT,2023-07-25 17:29:55
341,Namdrik,5.5994,168.1028,28.27000000000004,77,69,2.3,MH,2023-07-25 17:29:55
342,Dakhla,23.6848,-15.958,22.010000000000048,78,4,9.77,EH,2023-07-25 17:29:35
343,Cartagena,10.3997,-75.5144,30.79000000000002,70,20,6.69,CO,2023-07-25 17:29:05
344,Tongouson,5.0214,120.1328,28.370000000000005,80,100,6.7,PH,2023-07-25 17:29:55
345,Merizo Village,13.2658,144.6691,28.310000000000002,93,100,7.25,GU,2023-07-25 17:29:55
346,Rabaul,-4.1967,152.1721,25.920000000000016,82,98,6.27,PG,2023-07-25 17:29:56
347,Nova Xavantina,-14.6667,-52.35,29.450000000000045,29,2,1.87,BR,2023-07-25 17:29:56
348,At Taj,24.2049,23.2857,31.420000000000016,13,0,5.3,LY,2023-07-25 17:29:56
349,Livingston,55.9029,-3.5226,13.480000000000018,81,0,2.57,GB,2023-07-25 17:26:54
350,Enshi,30.3,109.4833,23.180000000000007,98,98,0.09,CN,2023-07-25 17:29:56
351,Lincheng,19.9078,109.6858,26.590000000000032,85,34,2.89,CN,2023-07-25 17:29:56
352,Spring Creek,40.7266,-115.5859,32.83000000000004,11,7,3.32,US,2023-07-25 17:29:57
353,Lae,-6.7221,146.9847,22.370000000000005,89,99,0.98,PG,2023-07-25 17:29:57
354,Ben Lomond,37.0891,-122.0863,34.19,42,5,2.88,US,2023-07-25 17:29:57
355,Xiangyang,32.0422,112.1448,24.620000000000005,86,100,0.82,CN,2023-07-25 17:29:57
356,Port Macquarie,-31.4333,152.9167,11.050000000000011,88,20,3.34,AU,2023-07-25 17:29:58
357,Arvayheer,46.2639,102.775,11.660000000000025,71,100,3.31,MN,2023-07-25 17:29:58
358,Dawson Creek,55.7666,-120.2362,13.800000000000011,72,75,7.2,CA,2023-07-25 17:27:10
359,Nizhneudinsk,54.9076,99.0276,14.07000000000005,99,100,1.75,RU,2023-07-25 17:29:58
360,Danilovka,50.3557,44.1168,20.480000000000018,58,51,1.0,RU,2023-07-25 17:29:58
361,Port Lincoln,-34.7333,135.8667,10.700000000000045,72,0,3.66,AU,2023-07-25 17:29:58
362,Ouadda,8.0777,22.4007,20.810000000000002,99,100,1.14,CF,2023-07-25 17:29:59
363,Palangkaraya,-2.2,113.8333,22.24000000000001,95,100,1.15,ID,2023-07-25 17:29:59
364,Cururupu,-1.8283,-44.8683,25.470000000000027,80,100,1.4,BR,2023-07-25 17:29:59
365,Auki,-8.7676,160.7034,25.920000000000016,88,91,2.4,SB,2023-07-25 17:29:59
366,Novodvinsk,64.4165,40.8122,12.180000000000007,94,54,1.7,RU,2023-07-25 17:29:59
367,Puerto Carreno,6.189,-67.4859,28.99000000000001,74,75,2.06,CO,2023-07-25 17:29:59
368,Ulety,51.3572,112.4849,13.270000000000039,90,95,0.25,RU,2023-07-25 17:30:00
369,Ulverstone,-41.15,146.1667,10.960000000000036,88,100,5.01,AU,2023-07-25 17:30:00
370,Tbeng Meanchey,13.8167,104.9667,23.74000000000001,98,100,1.25,KH,2023-07-25 17:30:00
371,Balqash,46.8481,74.995,24.03000000000003,44,52,7.16,KZ,2023-07-25 17:30:02
372,Lebu,-37.6167,-73.65,10.510000000000048,82,79,3.5,CL,2023-07-25 17:30:02
373,Beloyarskiy,63.7119,66.6722,14.660000000000025,97,99,0.79,RU,2023-07-25 17:30:04
374,Durban,-29.8579,31.0292,14.510000000000048,83,99,1.91,ZA,2023-07-25 17:30:06
375,Caleta De Carquin,-11.0925,-77.6267,19.510000000000048,83,27,7.97,PE,2023-07-25 17:30:07
376,Alvaraes,-3.2208,-64.8042,31.930000000000007,52,24,0.62,BR,2023-07-25 17:30:08
377,Coquimbo,-29.9533,-71.3436,15.850000000000023,82,0,4.63,CL,2023-07-25 17:28:12
378,Prince Rupert,54.3161,-130.3201,14.050000000000011,92,100,4.12,CA,2023-07-25 17:25:10
379,Bichura,50.5881,107.6022,14.740000000000009,92,97,0.99,RU,2023-07-25 17:30:09
380,Holland,42.7875,-86.1089,30.730000000000018,58,0,3.09,US,2023-07-25 17:26:04
381,Mangrol,21.1167,70.1167,27.29000000000002,85,97,8.04,IN,2023-07-25 17:30:09
382,Petrolina,-9.3986,-40.5008,28.03000000000003,39,0,5.14,BR,2023-07-25 17:25:44
383,Nguigmi,14.2495,13.1092,35.110000000000014,31,32,3.43,NE,2023-07-25 17:30:10
384,Dali,25.7,100.1833,17.689999999999998,94,97,1.92,CN,2023-07-25 17:26:52
385,Khandyga,62.6667,135.6,18.510000000000048,91,32,0.83,RU,2023-07-25 17:30:10
386,Gizo,-8.103,156.8419,26.82000000000005,85,100,7.64,SB,2023-07-25 17:30:11
387,Arkansas City,37.062,-97.0384,39.82000000000005,37,0,8.23,US,2023-07-25 17:26:15
388,Talara,-4.5772,-81.2719,26.420000000000016,65,0,7.72,PE,2023-07-25 17:30:11
389,Kone,-21.0595,164.8658,21.150000000000034,55,33,4.76,NC,2023-07-25 17:30:12
390,Ganshui,28.7422,106.7111,24.420000000000016,98,100,1.62,CN,2023-07-25 17:30:12
391,Nogent-Le-Rotrou,48.3333,1.0,13.689999999999998,78,53,2.36,FR,2023-07-25 17:25:14
392,Kozyatyn,49.7143,28.8339,21.02000000000004,73,74,6.64,UA,2023-07-25 17:30:12
393,Malango,-2.9627,119.9001,17.470000000000027,83,0,1.03,ID,2023-07-25 17:30:13
394,Saudarkrokur,65.7461,-19.6394,7.170000000000016,91,81,3.85,IS,2023-07-25 17:30:13
395,Olinda,-8.0089,-34.8553,25.850000000000023,73,75,4.12,BR,2023-07-25 17:25:35
396,Lastoursville,-0.8143,12.7287,26.560000000000002,67,87,1.01,GA,2023-07-25 17:30:14
397,Scarborough,54.2797,-0.4044,13.140000000000043,89,100,0.45,GB,2023-07-25 17:29:42
398,Nelson Bay,-32.7167,152.15,11.110000000000014,99,0,3.13,AU,2023-07-25 17:30:14
399,Ipameri,-17.7219,-48.1597,21.810000000000002,47,70,1.41,BR,2023-07-25 17:30:15
400,Vila Velha,-20.3297,-40.2925,21.970000000000027,89,100,3.09,BR,2023-07-25 17:30:15
401,Key West,24.5557,-81.7826,34.0,62,100,6.17,US,2023-07-25 17:29:51
402,Lata,40.1629,-8.3327,17.670000000000016,92,0,2.11,PT,2023-07-25 17:30:15
403,Arinos,-15.9169,-46.1056,22.54000000000002,31,0,2.37,BR,2023-07-25 17:30:16
404,Galveston,29.3669,-94.9669,37.27000000000004,62,0,6.17,US,2023-07-25 17:30:16
405,Xingcheng,40.6167,120.7167,23.220000000000027,90,0,0.81,CN,2023-07-25 17:30:16
406,Dikili,39.071,26.8902,28.5,52,0,1.02,TR,2023-07-25 17:30:17
407,Senanga,-16.1167,23.2667,15.240000000000009,36,34,2.84,ZM,2023-07-25 17:30:17
408,Xining,36.6167,101.7667,13.600000000000023,70,100,1.38,CN,2023-07-25 17:30:05
409,Along,28.1667,94.7667,23.439999999999998,93,100,0.33,IN,2023-07-25 17:30:17
410,Ocean Shores,46.9737,-124.1563,22.430000000000007,74,20,6.69,US,2023-07-25 17:30:17
411,Visselhovede,52.9833,9.6,15.360000000000014,86,14,3.23,DE,2023-07-25 17:30:18
412,Naze,28.3667,129.4833,27.510000000000048,81,47,4.8,JP,2023-07-25 17:30:18
413,Novomikhaylovskiy,44.2581,38.8578,19.150000000000034,78,4,1.04,RU,2023-07-25 17:30:18
414,Tazacorte,28.629,-17.9293,23.54000000000002,92,100,5.66,ES,2023-07-25 17:30:19
415,Kidal,18.4411,1.4078,34.31,32,57,3.04,ML,2023-07-25 17:30:19
416,Taltal,-25.4,-70.4833,14.860000000000014,79,53,1.59,CL,2023-07-25 17:30:19
417,Xanxere,-26.8769,-52.4042,22.060000000000002,75,25,1.78,BR,2023-07-25 17:30:20
418,Mahina,-17.5065,-149.489,28.870000000000005,79,75,5.14,PF,2023-07-25 17:30:20
419,Springbok,-29.6643,17.8865,11.950000000000045,59,100,1.27,ZA,2023-07-25 17:30:20
420,Sirte,31.2089,16.5887,31.129999999999995,43,0,4.13,LY,2023-07-25 17:30:20
421,Severnoye,56.3491,78.3619,13.360000000000014,97,78,2.47,RU,2023-07-25 17:30:21
422,Clarkston Heights-Vineland,46.3874,-117.083,30.80000000000001,34,0,2.57,US,2023-07-25 17:30:21
423,Marsa Alam,25.0757,34.8918,33.94,27,17,2.37,EG,2023-07-25 17:30:21
424,Mogadishu,2.0371,45.3438,24.100000000000023,82,85,6.56,SO,2023-07-25 17:30:22
425,Ulaangom,49.9811,92.0667,16.700000000000045,47,97,1.58,MN,2023-07-25 17:30:22
426,Idri,27.5,13.2667,33.0,12,0,3.2,LY,2023-07-25 17:30:22
427,Ancud,-41.8697,-73.8203,9.54000000000002,85,8,5.31,CL,2023-07-25 17:25:53
428,Balashov,51.5502,43.1667,18.200000000000045,71,79,3.5,RU,2023-07-25 17:30:23
429,Encheng,22.1839,112.3026,26.04000000000002,84,65,1.95,CN,2023-07-25 17:30:23
430,Romblon,12.5751,122.2708,28.30000000000001,83,100,14.85,PH,2023-07-25 17:30:23
431,Kapit,2.0167,112.9333,23.350000000000023,95,57,0.47,MY,2023-07-25 17:30:23
432,Kargasok,59.0556,80.8572,14.200000000000045,93,6,2.85,RU,2023-07-25 17:30:24
433,Weinan,34.5036,109.5089,25.129999999999995,65,75,3.58,CN,2023-07-25 17:30:24
434,Helmbrechts,50.2356,11.7159,11.670000000000016,96,75,2.06,DE,2023-07-25 17:30:24
435,Klyuchi,52.2667,79.1667,17.5,58,1,2.79,RU,2023-07-25 17:30:25
436,Bamboo Flat,11.7,92.7167,26.05000000000001,94,75,0.0,IN,2023-07-25 17:30:25
437,Dunedin,-45.8742,170.5036,6.560000000000002,67,24,4.92,NZ,2023-07-25 17:30:25
438,Yilan,24.757,121.753,27.980000000000018,99,100,8.32,TW,2023-07-25 17:30:26
439,Namibe,-15.1961,12.1522,16.77000000000004,84,97,2.69,AO,2023-07-25 17:28:37
440,Akureyri,65.6835,-18.0878,9.960000000000036,76,75,4.63,IS,2023-07-25 17:30:27
441,Princeville,45.7668,-61.2985,30.350000000000023,54,75,3.6,CA,2023-07-25 17:30:27
442,Mocoa,1.1493,-76.6466,25.25,85,93,0.89,CO,2023-07-25 17:30:28
443,Mil'Kovo,55.6078,37.7956,19.220000000000027,96,91,2.64,RU,2023-07-25 17:30:24
444,Daru,-9.0763,143.2092,24.230000000000018,81,52,3.8,PG,2023-07-25 17:30:29
445,Parnarama,-5.6817,-43.0933,27.860000000000014,39,22,1.0,BR,2023-07-25 17:30:29
446,Remire-Montjoly,4.9167,-52.2667,29.02000000000004,79,40,2.06,GF,2023-07-25 17:30:30
447,Pamukova,40.5081,30.1673,14.710000000000036,31,0,1.35,TR,2023-07-25 17:30:30
448,Denison,33.7557,-96.5367,38.84000000000003,37,0,5.14,US,2023-07-25 17:30:31
449,Sorong,-0.8833,131.25,25.0,85,100,6.68,ID,2023-07-25 17:30:31
450,Vernon,50.2581,-119.2691,22.74000000000001,37,85,0.89,CA,2023-07-25 17:27:00
451,Panaba,21.2833,-88.2667,29.890000000000043,73,89,5.91,MX,2023-07-25 17:30:32
452,Funafuti,-8.5243,179.1942,31.0,79,75,7.2,TV,2023-07-25 17:26:06
453,Tabuk,17.4189,121.4443,26.400000000000034,91,100,10.09,PH,2023-07-25 17:30:32
454,Kerema,-7.9631,145.7785,24.07000000000005,84,82,0.45,PG,2023-07-25 17:30:32
455,Young,-32.6833,-57.6333,12.010000000000048,92,100,3.51,UY,2023-07-25 17:30:33
456,La Sarre,48.8002,-79.1996,24.220000000000027,37,91,3.43,CA,2023-07-25 17:30:33
457,Timimoun,29.2639,0.231,41.210000000000036,6,0,4.12,DZ,2023-07-25 17:29:51
458,Batticaloa,7.7102,81.6924,26.930000000000007,63,100,2.4,LK,2023-07-25 17:30:34
459,Atambua,-9.1061,124.8925,19.230000000000018,79,49,3.22,ID,2023-07-25 17:30:34
460,Pindushi,62.9152,34.58,12.189999999999998,98,66,1.79,RU,2023-07-25 17:30:34
461,Howard Springs,-12.497,131.047,15.950000000000045,57,11,5.49,AU,2023-07-25 17:30:34
462,Broken Hill,-31.95,141.4333,7.420000000000016,70,0,3.24,AU,2023-07-25 17:27:47
463,Kalmunai,7.4167,81.8167,27.0,70,100,0.82,LK,2023-07-25 17:30:35
464,Port Saint John'S,-31.6229,29.5448,14.800000000000011,62,100,1.81,ZA,2023-07-25 17:30:35
465,Villa Gesell,-37.2639,-56.973,11.700000000000045,90,100,3.56,AR,2023-07-25 17:30:35
466,Yokadouma,3.5167,15.05,21.25,96,99,0.9,CM,2023-07-25 17:30:35
467,Anloga,5.7947,0.8973,24.400000000000034,93,10,2.86,GH,2023-07-25 17:30:36
468,San Matias,-16.3667,-58.4,28.58000000000004,27,0,1.98,BO,2023-07-25 17:30:36
469,Creel,27.75,-107.6333,29.439999999999998,17,18,6.16,MX,2023-07-25 17:30:36
470,Villa Angela,-27.5738,-60.7153,12.840000000000032,85,81,1.55,AR,2023-07-25 17:30:36
471,Kayes,14.0,-11.0,26.08000000000004,85,100,3.62,ML,2023-07-25 17:30:36
472,Arteche,12.2645,125.4048,26.82000000000005,78,100,5.24,PH,2023-07-25 17:30:37
473,Casper,42.8666,-106.3131,33.33000000000004,18,0,8.23,US,2023-07-25 17:30:37
474,Dzuunmod,48.2199,97.3744,7.600000000000023,73,0,2.13,MN,2023-07-25 17:30:37
475,Playa De San Juan,38.3719,-0.4153,27.840000000000032,82,0,2.06,ES,2023-07-25 17:30:37
476,Sao Jose Da Coroa Grande,-8.8978,-35.1478,21.980000000000018,92,69,1.58,BR,2023-07-25 17:30:37
477,Tres Arroyos,-38.3739,-60.2798,6.990000000000009,81,100,3.23,AR,2023-07-25 17:30:37
478,Arnprior,45.4334,-76.3494,27.30000000000001,58,75,2.31,CA,2023-07-25 17:30:38
479,Aykhal,66.0,111.5,17.180000000000007,67,100,2.69,RU,2023-07-25 17:30:38
480,Cidreira,-30.1811,-50.2056,16.620000000000005,98,85,1.45,BR,2023-07-25 17:30:38
481,Camacupa,-12.0167,17.4833,17.52000000000004,27,6,1.78,AO,2023-07-25 17:30:38
482,Nizhniy Odes,63.6445,54.856,12.610000000000014,88,15,1.84,RU,2023-07-25 17:30:38
483,Childersburg,33.2782,-86.355,35.19,46,40,0.0,US,2023-07-25 17:30:39
484,State College,40.7934,-77.86,27.510000000000048,59,20,2.57,US,2023-07-25 17:28:06
485,Berrotaran,-32.451,-64.3887,10.680000000000007,76,2,2.78,AR,2023-07-25 17:30:39
486,Salinopolis,-0.6136,-47.3561,26.0,85,91,4.21,BR,2023-07-25 17:29:13
487,Santana,-0.0583,-51.1817,29.100000000000023,84,40,6.17,BR,2023-07-25 17:30:39
488,Tsiombe,-25.3,45.4833,17.78000000000003,56,75,2.68,MG,2023-07-25 17:30:40
489,Tra Vinh,9.9347,106.3453,24.420000000000016,95,86,2.16,VN,2023-07-25 17:30:40
490,Pathein,16.7833,94.7333,25.160000000000025,94,85,1.74,MM,2023-07-25 17:30:40
491,Poronaysk,49.2167,143.1167,16.27000000000004,98,100,1.53,RU,2023-07-25 17:30:40
492,Mount Isa,-20.7333,139.5,14.870000000000005,82,75,2.57,AU,2023-07-25 17:30:40
493,Al Minya,28.1099,30.7503,32.420000000000016,28,4,8.16,EG,2023-07-25 17:30:41
494,Sylva,58.0348,56.7635,16.650000000000034,95,96,2.29,RU,2023-07-25 17:30:41
495,Mikomeseng,2.1361,10.6132,20.54000000000002,99,95,1.05,GQ,2023-07-25 17:30:41
496,Dongola,19.1667,30.4833,33.78000000000003,12,29,3.88,SD,2023-07-25 17:30:41
497,Gebeit,21.0667,36.3167,32.54000000000002,14,72,1.47,SD,2023-07-25 17:30:41
498,Morehead City,34.7229,-76.726,31.120000000000005,76,0,5.66,US,2023-07-25 17:30:42
499,Colinas,-6.0258,-44.2492,27.629999999999995,38,11,1.16,BR,2023-07-25 17:30:42
500,Nyurba,63.2842,118.3319,16.680000000000007,69,65,2.67,RU,2023-07-25 17:30:42
501,Chinde,26.8418,88.0763,19.390000000000043,92,86,1.52,NP,2023-07-25 17:30:42
502,La Punta,-33.1837,-66.3127,10.340000000000032,54,0,3.29,AR,2023-07-25 17:30:42
503,Buala,-8.145,159.5921,27.970000000000027,81,88,4.99,SB,2023-07-25 17:30:42
504,Veinticinco De Mayo,-35.4323,-60.1727,12.210000000000036,82,100,1.34,AR,2023-07-25 17:30:43
505,Raja,8.4596,25.678,21.650000000000034,97,100,1.95,SS,2023-07-25 17:30:43
506,Greymouth,-42.4667,171.2,5.310000000000002,87,40,2.53,NZ,2023-07-25 17:29:20
507,Butha-Buthe,-28.8333,28.5,2.0,13,93,1.63,LS,2023-07-25 17:30:43
508,Kushva,58.2906,59.7592,12.689999999999998,82,86,1.85,RU,2023-07-25 17:27:49
509,Laon,49.5667,3.6667,11.28000000000003,86,20,2.77,FR,2023-07-25 17:30:43
510,Alpine,32.835,-116.7664,40.370000000000005,40,0,5.14,US,2023-07-25 17:30:44
511,Chipinge,-20.1883,32.6236,11.54000000000002,93,92,1.87,ZW,2023-07-25 17:30:44
512,Grand-Bassam,5.2118,-3.7388,24.980000000000018,94,90,2.4,CI,2023-07-25 17:30:44
513,Turaif,31.6725,38.6637,29.140000000000043,18,0,5.14,SA,2023-07-25 17:30:44
514,Coyhaique,-45.5752,-72.0662,1.9700000000000273,93,75,1.54,CL,2023-07-25 17:29:36
515,Jatai,-17.8814,-51.7144,22.360000000000014,49,9,3.5,BR,2023-07-25 17:30:45
516,Trinidad,-14.8333,-64.9,32.99000000000001,38,20,3.6,BO,2023-07-25 17:30:45
517,Chilliwack,49.1747,-121.9443,19.430000000000007,77,91,2.24,CA,2023-07-25 17:30:45
518,Pemangkat,1.1667,108.9667,28.760000000000048,75,99,7.77,ID,2023-07-25 17:30:45
519,Usinsk,65.9939,57.5281,15.830000000000041,75,91,3.45,RU,2023-07-25 17:29:36
520,Faya-Largeau,17.9257,19.1043,35.76000000000005,11,55,2.65,TD,2023-07-25 17:30:45
521,Yuzhno-Kurilsk,44.0306,145.8556,16.83000000000004,100,100,1.87,RU,2023-07-25 17:30:46
522,Saint-Joseph,-21.3667,55.6167,20.210000000000036,74,2,1.99,RE,2023-07-25 17:30:46
523,Kuching,1.55,110.3333,25.55000000000001,93,20,0.0,MY,2023-07-25 17:30:46
524,Lodja,-3.4833,23.4333,23.890000000000043,42,7,1.2,CD,2023-07-25 17:30:46
525,Saint George,37.1041,-113.5841,42.460000000000036,16,0,2.57,US,2023-07-25 17:30:46
526,Colares,38.7992,-9.4469,19.310000000000002,75,0,13.41,PT,2023-07-25 17:30:46
527,Bellevue,47.6104,-122.2007,24.75,52,75,4.63,US,2023-07-25 17:28:20
